code,name,star
6,Best Western JFK Airport,3
7,Best Western Plus Brooklyn Bay Hotel,3
8,Best Western Plus Hospitality House,3
10,Novotel New York Times Square,4
12,Hotel Belleclaire Central Park,4
13,The Sohotel,3
16,Days Inn Jamaica - JFK Airport,2
17,Ravel Hotel,4
,,
22,Econolodge Times Square,2
23,Hilton Garden Inn Manhattan-Chelsea,3
24,Hotel Vetiver,3
25,Midtown West Hotel,3
26,Washington Jefferson Times Square,3
27,Best Western Plus Plaza Hotel,3
28,Best Western Premier Herald Square,3
29,Quality Inn Long Island City,3
30,Sleep Inn Long Island City,3
32,Z NYC Hotel,4
34,Rodeway Inn Near JFK Airport,2
36,Off soho Suites Hotel,2
40,Viana Hotel & Spa,4
42,San Carlos Hotel,4
45,Howard Johnson Express Inn - Rocky Hill,3
47,(Doublon) Holiday Inn Long Island City - Manhattan View,4
48,Midwood Suites 1078,2
51,Midwood Suites 1306,2
55,Rodeway Inn & Suites Fort Lauderdale Airport / Cruise Port,3
62,Quality Inn & Suites Hollywood Boulevard,3
71,New York Hilton Midtown,4
80,Hotel Figueroa,4
81,Biltmore Hotel,4
83,Fairfield Inn & Suites New York Queens/Queensboro Bridge,3
84,Ramada Staten Island Hotel,3
86,Surfside 3,2
87,The Paul Hotel,4
88,Ramada Suites Orlando Airport,3
89,Wingate By Wyndham Orlando Airport,3
91,Americas Best Value Inn Red Bluff,2
92,(doublon) Holiday Inn Express Midtown,3
97,The Cadet,4
,,
113,Days Inn Kissimmee,2
114,Hotel Urbano at Brickell,3
115,Deauville Beach Resort,3
116,Impala Hotel,4
117,Courtyard New York Manhattan Times Square West,4
,,
119,Holiday Inn Lower East Side,4
121,EB Hotel Miami,4
122,The Vagabond Hotel,3
123,Dorchester Hotel & Suites,3
124,Marseilles Hotel South Beach,3
125,Blue Moon Hotel - New York,3
140,Days Inn Brooklyn,3
141,Comfort Inn Brooklyn,2
143,Days Inn Long Island City,2
145,Rodeway Inn MacArthur Airport,2
147,Sleep Inn Brooklyn Downtown,2
148,Sleep Inn JFK Airport Rockaway Blvd Jamaica,2
149,Howard Johnson Inn Suffern,2
155,"Holiday Inn Express LaGuardia  ""(doublon)""",3
179,NH Jolly New York Madison Towers,3
,,
195,Orchard Street Hotel,3
201,The Wall Street Inn,3
205,The GEM Hotel Chelsea,4
214,The Andrew Hotel,3
220,Brooklyn Way Hotel,3
249,Best Western Plus LaGuardia Airport Hotel,3
254,Wyndham Garden Brooklyn Sunset Park,4
264,The Broome Hotel,4
8293,Hotel Plaza Athenee,5
8322,La Quinta Inn & Suites JFK Airport,2
8323,Fairfield Inn & Suites Manhattan / Downtown East,3
8453,Radisson Hotel JFK Airport,3
8465,Pointe Plaza Hotel,3
8533,LaGuardia Plaza Hotel,3
8554,The Mosser Hotel,3
8570,The Staten Island Inn,3
8571,Fairfield Inn and Suites Manhattan / Central Park,3
8572,Comfort Inn Midtown West,3
8659,Hotel Gibbs Riverwalk Downtown San Antonio,3
8670,Homewood Suites by Hilton Miami Airport-Blue Lagoon,3
8682,The Bernic Hotel,4
8697,Courtyard Long Island City/New York Manhattan View,3
8704,Best Western Bowery Hanbee,3
8722,Courtyard by Marriott Manhattan Central Park,4
8734,Hyatt Regency Coral Gables,4
8753,Hilton Garden Inn Dallas/Lewisville,3
8783,Hilton La Jolla Torrey Pines,4
8809,Axiom Hotel San Francisco,4
8811,Hilton LAX Los Angeles Airport,4
8822,The OUT Hotel,4
8913,Courtyard Westbury Long Island,4
8917,Hilton JFK Airport,3
8923,Fairfield Inn & Suites Naples,3
8948,Hyatt Centric Times Square New York,4
9008,ME Miami,5
9018,11 Howard,5
9032,Hampton Inn Fort Lauderdale Airport North Cruise Port,3
9054,Hampton Inn Fort Lauderdale Downtown Las Olas,3
9101,Ocean Beach Palace,3
9107,Embassy Suites by Hilton Orlando Airport,3
9108,Royal Beach Palace,3
9109,Ocean Beach Club,3
9121,Courtyard Miami Dolphin Mall,3
9127,Holiday Inn Express & Suites Fort Lauderdale Airport West,3
9148,Courtyard by Marriott Redwood City,3
9166,TRYP by Wyndham Times Square South,3
9171,Embassy Suites by Hilton Miami International Airport,3
,,
9180,Hampton Inn & Suites Miami-Doral/Dolphin Mall,3
9189,The Richmond Hotel,3
9192,Hyatt Place Fort Lauderdale Cruise Port,3
9210,Hilton Garden Inn Burbank Downtown,3
9216,Hampton Inn by Hilton Claremont South Beach,3
9217,La Quinta Inn & Suites Brooklyn East,3
9228,Holiday Inn Express & Suites Miami Airport and Intermodal Area,3
9229,Best Western Premier Miami International Airport,3
9237,Regency Hotel,3
9245,Hampton Inn & Suites Napa,3
9247,Hilton Garden Inn Miami South Beach,3
9249,"The Vue Hotel, an Ascend Hotel Collection Member",3
9253,Hilton Garden Inn DFW North Grapevine,3
9256,Homewood Suites Palm Beach Gardens,3
9257,Fortune House Hotel,4
9271,Hilton Dallas Lincoln Centre,4
,,
9274,Homewood Suites by Hilton Miami Downtown/Brickell,3
9287,Hampton Inn New York - LaGuardia Airport,3
9291,Hilton Garden Inn New York/Tribeca,3
9306,GALLERYone - Fort Lauderdale - Doubletree Suites by Hilton Hotel,4
9346,The Mutiny Hotel,4
9379,RiversideśHotel,3
9399,The Confidante Hotel,4
9402,HamptonśInnśOrlando/LakeśBuenaśVista,3
9409,Hotel Colonnade Coral Gables - A Tribute Portfolio Hotel,4
9439,Hotel Le Bleu,3
9440,Parc 55 San Francisco - A Hilton Hotel,4
9453,Nomo Soho,4
9454,Courtyard Marriott Long Beach Airport,3
9472,Century Park Hotel West LA,3
9473,Studio 6 Suites Lawndale,3
9481,"The Mimosa Hotel - MB Hotel, Trademark Collection by Wyndham",3
9482,OceanśFiveśHotel,3
9483,SeaśClubśResort,3
9490,AloftśHoustonśbyśtheśGalleria,3
9491,FreehandśMiami,3
9492,ProvidentśDoralśatśtheśBlue,4
9496,Sheraton JFK Airport Hotel,3
9498,DoubleTreeśbyśHiltonśHotelś&śSuitesśbyśtheśGalleria,4
9502,Hilton San Francisco Union Square,4
9507,Hilton Garden Inn New York / Manhattan Midtown East,3
9515,Best Western Plus Arena Hotel,3
9575,Hyatt House Miami Airport,3
9586,Ramada Los Angeles/Downtown West,3
9596,Days Inn by Wyndham Plattsburgh,3
9597,Holiday Inn Long Beach Airport,3
9606,Quality Inn Oneonta Cooperstown Area,3
9607,Hilton Seattle Airport & Conference Center,3
9608,DoubleTree Hotel Seattle Airport,3
9616,Holiday Inn Express & Suites Hermosa Beach,3
9617,Hotel 48LEX New York,4
9655,Giorgio Hotel,3
9659,AvalonśHotel,3
9672,Hyatt Regency Mission Bay Spa & Marina,4
9676,Andaz West Hollywood,4
9677,The Freeport Inn and Marina,3
,,
9701,Hyatt Place Bowling Green,3
9706,SpringhillśSuitesśMiamiśAirportśSouth,3
9714,Hampton Inn & Suites LAX El Segundo,3
9715,Hilton College Station & Conference Center,3
9760,TheśWestinśDallasśParkśCentral,4
9781,Holiday Inn Express & Suites Houston NW - Tomball Area,3
9782,Staybridge Suites Houston NW - Willowbrook,3
9793,InterContinental Los Angeles Century City,4
9809,Courtyard by Marriott Fort Lauderdale Beach,3
9811,CircśHotel,4
9812,Hilton Garden Inn Los Angeles/Hollywood,3
9813,Mar Monte Hotel,4
9845,Hotel Hermosa,3
9846,The Georgian Hotel,3
9847,Jamaica Bay Inn,3
9849,Warwick Melrose - Dallas,4
9852,MarinaśDelśReyśHotel,4
9853,Residence Inn by Marriott New York Manhattan/Central Park,4
9854,"The Belamar Hotel, Tapestry Collection by Hilton",4
9866,Miami International Airport Hotel,3
,,
9874,Warwick New York,4
9891,The Roslyn Hotel,3
9896,Inn by the Sea at La Jolla,3
9904,The Keating,4
9912,FourśPointsśbyśSheratonśLosśAngelesśWestside,3
9949,Courtyard by Marriott New York JFK Airport,3
9956,Hilton Garden Inn Los Angeles/Redondo Beach,3
9957,Doral Inn & Suites Miami Airport West,3
9965,Homewood Suites by Hilton Los Angeles Redondo Beach,3
9966,Residence Inn by Marriott Los Angeles Redondo Beach,3
9967,Ramada Gaslamp Convention Center,3
9968,Hyatt Place Los Angeles / LAX / El Segundo,3
9990,Barbary Beach House Key West,4
9998,GreenPoint Hotel Kissimmee,3
10041,"H Hotel Los Angeles, Curio Collection by Hilton",4
10042,Homewood Suites by Hilton Los Angeles International Airport,3
10051,Embassy Suites by Hilton San Diego - La Jolla,3
10052,DoubleTree by Hilton Hotel Los Angeles Downtown,4
10061,Hollywood Hotel - The Hotel of Hollywood Near Universal Studios,3
10064,The Roosevelt Hotel NYC,4
,,
10072,Sheraton Gateway Los Angeles Airport Hotel,4
10078,Avenue of the Arts Costa Mesa,4
10083,Millennium Hilton New York One UN Plaza,4
10084,Canal Loft Hotel,3
10085,Candlewood Suites Times Square,3
10086,Duane Street Hotel,4
10087,Hilton Garden Inn Central Park South,3
10088,"Holiday Inn Wall Street, an IHG Hotel",3
10089,"Holiday Inn Express New York City Chelsea, an IHG Hotel",3
10090,Holiday Inn Express Times Square,3
10091,Holiday Inn Express Wall Street,3
10097,Hampton Inn Chelsea,3
10099,Hampton Inn by Hilton Madison Square Garden,3
10101,Hampton Inn Manhattan-Seaport-Financial District,3
10103,Hampton Inn Times Square South,3
10104,Hyatt House - White Plains,3
10105,Hyatt Union Square New York,4
10106,Nu Hotel Brooklyn,3
10112,Four Points by Sheraton LAX Los Angeles International Airport,4
10113,Insignia Hotel Brooklyn,3
10117,Comfort Inn Times Squares West,3
10119,DoubleTree by Hilton Hotel San Jose,3
10120,Hotel Zeppelin San Francisco,4
10122,Hotel Zelos San Francisco,4
10135,Courtyard by Marriott Los Angeles Westside,3
10136,Courtyard by Marriott San Diego Downtown,3
10137,Hotel Milo,3
10139,The Ambrose Hotel,4
10155,Hotel Normandie,3
10164,Hilton San Diego Del Mar,4
10170,Residence Inn Fort Lauderdale Airport & Cruise Port,3
10171,Hilton Oakland Airport,4
10172,Holiday Inn Los Angeles - LAX Airport,3
10177,Newport Beachside Hotel & Resort,3
10195,Hilton Garden Inn Queens / JFK Airport,3
10231,Grand Beach Hotel Bay Harbor,4
10237,Hampton Inn & Suites-Dallas Allen,3
10238,Hilton Garden Inn Dallas/Duncanville,3
10241,Hilton Garden Inn Dallas - Allen,3
10248,DoubleTree by Hilton Hotel San Pedro - Port of LA,4
10249,Hilton Garden Inn LAX/El Segundo,3
10252,Grand Beach Hotel Miami Beach,4
10254,"Hotel Morrison, an Ascend Hotel Collection Member",3
10267,Omni Berkshire Place,4
10269,Hyatt Regency Los Angeles International Airport,4
10283,Hilton Los Angeles/Universal City,4
10309,Hotel Angeleno,3
10316,The Westin Dallas Fort Worth Airport,4
10331,DoubleTree by Hilton San Francisco Airport,3
10332,Hyatt Regency La Jolla at Aventine,4
10343,Hilton Garden Inn Irvine/Orange County Airport,3
10344,The Sherman Hotel,3
10352,Cupertino Hotel,4
10361,Aloft Miami - Brickell,3
10362,Aloft Coral Gables,3
10386,The Grand Hotel,3
10397,The Westin San Diego Bayview,4
,,
10451,"Hilton Arlington, TX",4
10455,Staybridge Suites Times Square,4
10460,Holiday Inn Downtown Brooklyn,3
10462,The Millwood,3
10463,DoubleTree by Hilton Hotel Los Angeles - Norwalk,4
10486,Hyatt Regency Clearwater Beach Resort and Spa,4
10487,Millennium Downtown New York,4
10488,The Hoxton Williamsburg,4
10491,Conrad Midtown New York,5
10500,Hyatt Herald Square New York,4
10501,Hotel Current Long Beach,3
10510,DoubleTree by Hilton Hotel Campbell - Pruneyard Plaza,4
10518,Hilton Garden Inn West 35th Street,3
10519,Hilton New York Fashion District,4
10525,Hilton Garden Inn Bakersfield,3
10538,Baymont by Wyndham San Diego Downtown,3
10545,Residence Inn Bakersfield,3
10548,Holiday Inn Port of Miami - Downtown,3
10553,Embassy Suites by Hilton Brea North Orange County,4
10554,Hotel Erwin,4
10567,BśResortś&śSpa,4
10568,Coco Key Resort,3
10569,SheratonśTampa Riverwalk,3
10613,B Ocean Fort Lauderdale,4
10614,Embassy Suites by Hilton Santa Ana Orange County,4
10615,The Mayfair Hotel,4
10617,Aliz Hotel Times Square,4
10621,Embassy Suites by Hilton West Palm Beach Central,3
10628,Courtyard New Haven at Yale,3
10646,Wyndham Garden Chinatown,4
10654,Courtyard by Marriott Los Angeles Pasadena/Monrovia,3
10659,Cadillac Hotel & Beach Club,4
10661,Hotel Fusion,3
10662,Ramada by Wyndham Torrance,3
10667,The Bicycle Hotel & Casino,4
,,
10678,Hampton Inn Houston-Near The Galleria,3
,,
10680,Courtyard by Marriott Sugar Land/Stafford,3
10681,Residence Inn by Marriott Sugar Land/Stafford,3
10690,Courtyard Marriott San Francisco Union Square,3
10691,The Citizen Hotel,4
10692,Residence Inn by Marriott New York Manhattan/Times Square,4
10695,Days Inn by Wyndham San Diego/Downtown/Convention Center,3
10702,Hilton San Francisco Financial District,4
10708,Viceroy Santa Monica,4
10709,La Quinta Inn & Suites Pomona,3
10710,Hotel Zetta San Francisco,4
10715,Hampton Inn & Suites Sarasota / Bradenton-Airport,3
10725,Hyatt Place San Jose Downtown,3
10729,Holiday Inn Express & Suites Miami-Kendall,3
10730,Hampton Inn Miami Airport East,3
10736,Renaissance Newport Beach Hotel,4
10737,LA Crystal Hotel and Casino,3
10738,DoubleTree Suites by Hilton Sacramento-Rancho Cordova,3
10747,Hilton Westchase,3
10765,La Quinta Inn & Suites New York City Central Park,3
10777,Hyatt Place Ontario Rancho Cucamonga,3
10786,DoubleTree by Hilton Pomona,4
10787,Embassy Suites by Hilton San Luis Obispo,4
10796,Holiday Inn Express Lancaster,3
10803,Fairfield Inn and Suites by Marriott San Jose Airport,3
10810,Courtyard by Marriott New York Manhattan/Times Square,3
10813,Austin Marriott South,4
10814,Residence Inn by Marriott Austin South,3
10815,Courtyard by Marriott Austin South,3
10818,Hyatt House Pleasanton,3
10819,Hyatt House Pleasant Hill,3
10825,Hilton Garden Inn Houston/Bush Intercontinental Airport,3
10826,Residence Inn by Marriott Houston Downtown/Convention Center,3
10827,Fairfield by Marriott Inn & Suites Miami West/Doral,3
10835,Courtyard Houston Downtown Convention Center,3
10837,Hotel St. Michel,3
10838,The Chelsea Inn,3
10839,The Ridge Hotel,3
10840,Cachet Boutique Hotel NYC,4
10845,Beachcomber Resort and Villas,3
10856,Hampton Inn Brookhollow,3
10861,Embassy Suites by Hilton Los Angeles International Airport North,3
10862,Embassy Suites by Hilton Lompoc Central Coast,4
10869,Hyatt House Austin Arboretum,3
10870,Courtyard by Marriott Austin The Domain Area,3
10871,Residence Inn Austin North Parmer Lane,3
10881,Hampton Inn and Suites Bellevue Downtown Seattle,3
10890,Aloft Dallas Downtown,3
10891,Hilton Garden Inn Miami Brickell South,3
10892,Harbor Court Hotel San Francisco,4
10903,Hotel Bijou,4
10914,SIXTY LES Hotel,4
10915,Embassy Suites by Hilton Austin Downtown Town Lake,4
10922,Hotel Hayden,4
10924,Courtyard by Marriott Los Angeles LAX/Century Boulevard,3
10941,Courtyard by Houston by The Galleria,3
10942,Residence Inn Houston by The Galleria,3
10953,"The Westin Bonaventure Hotel & Suites, Los Angeles",4
10954,Courtyard by Marriott Fort Lauderdale SW/Miramar,3
10960,Hilton Daytona Beach Oceanfront,4
10963,Hampton Inn NY-JFK,3
10964,Fairfield Inn & Suites by Marriott San Antonio Downtown/Market Square,3
10965,Residence Inn by Marriott San Antonio Downtown/Market Square,3
10971,Sheraton Houston Brookhollow Hotel,4
10974,Aloft Harlem,3
10975,The El Cordova Hotel,3
10976,The William Vale,5
10977,SpringHill Suites by Marriott Austin North/Parmer Lane,3
10978,SpringHill Suites by Marriott Austin South,3
10980,Courtyard by Marriott Fort Myers Cape Coral,3
10995,Hyatt Regency San Antonio,4
10997,Comfort Inn & Suites Bronx,3
10998,Sheraton Universal Hotel,4
10999,La Quinta Inn & Suites LAX,3
11010,Element Fort Lauderdale Downtown,3
11011,"The Dalmar, Fort Lauderdale, a Tribute Portfolio Hotel",5
11014,Four Points by Sheraton Ontario-Rancho Cucamonga,3
11016,Fairfield Inn by Marriott New York JFK Airport,3
11025,Hyatt Regency Sonoma Wine Country,4
11032,6 Columbus Central Park Hotel,4
11033,Atrium Hotel Orange County,3
11034,Fairfield Inn by Marriott Austin South,3
11037,Aloft Miami Doral,3
11038,International Palms Resort & Conference Center Cocoa Beach,3
11044,Sheraton DFW Airport Hotel,4
11045,Omni San Francisco Hotel,4
11053,Holiday Inn Express Laguardia Airport,3
11054,Holiday Inn Express New York JFK Airport Area,3
11067,DoubleTree by Hilton Hotel Dallas - DFW Airport North,4
11072,Le Parc Suite Hotel,4
11073,Hotel Ziggy on Sunset,4
11074,Hotel Amarano Burbank,4
11122,Kimpton Angler's South Beach,5
11137,Montrose at Beverly Hills,4
11138,Chamberlain West Hollywood Hotel,4
11161,Kimpton Epic Miami Hotel,5
11172,Hampton Inn Fort Walton Beach,3
11196,Hotel Emblem by Viceroy,4
11202,Holiday Inn Ft. Lauderdale-Airport,3
11204,Courtyard by Marriott New York Manhattan/Midtown East,3
11213,Hilton Orlando,4
11214,Casamia 36 Hotel,3
11219,Hyatt Place New York Midtown - South,3
11230,Embassy Suites by Hilton San Francisco Airport,4
11244,Courtyard by Marriott Louisville Northeast,3
11247,AC Hotel by Marriott Seattle Bellevue/Downtown,4
11248,"Holiday Inn Manhattan 6th Ave Chelsea, an IHG hotel",4
11249,Holiday Inn Express Walnut Creek,3
11253,Holiday Inn Houston-Hobby Airport,3
11254,Aloft San Antonio Airport,3
11255,Hampton Inn & Suites Clearwater/St. Petersburg-Ulmerton Road,3
11258,Sheraton Suites Houston Near The Galleria,4
11259,Walnut Creek Marriott,4
11267,TownePlace Suites by Marriott Fort Worth University Area/Medical Center,3
11269,Aloft Plano,3
11272,Kimpton Shorebreak Huntington Beach Resort,4
11273,Fremont Marriott Silicon Valley,4
11279,The Westin San Jose,4
11281,Pan Pacific Seattle,4
11283,Embassy Suites by Hilton Lexington Green,4
11285,voco Times Square South,3
11288,Dallas/Fort Worth Airport Marriott,4
11289,Aloft Santa Clara,3
11290,TownePlace Suites Newark Silicon Valley,3
11302,Element New York Times Square West,3
11303,Fairfield Inn & Suites by Marriott Miami Airport South,3
11308,Citadines Connect Fifth Avenue New York,3
11309,Hampton Inn Manhattan-35th St/Empire State Bldg,3
11311,Wingate by Wyndham Bowling Green,3
11314,Embassy Suites by Hilton Santa Clara Silicon Valley,4
11315,Hyatt Regency Houston,4
11316,Hotel Ylem,3
11320,Home2 Suites by Hilton Lakeland,3
11325,Sheraton Tribeca New York Hotel,4
11326,"Winter Haven, Autograph Collection",4
11330,Hilton DFW Lakes Executive Conference Center,4
11342,Wyndham Garden San Jose Airport,3
11343,Wyndham Garden San Jose Silicon Valley,3
11345,Blue Moon Hotel,4
11351,The Gotham Hotel NY,4
11352,Hyatt Grand Central New York,4
11353,"The New Yorker, A Wyndham Hotel",4
11359,The Vue Inn Brooklyn,2
11361,The Assemblage John Street,4
11362,Wyndham Garden Ft Lauderdale Airport & Cruise Port,3
11363,Four Points By Sheraton San Jose Downtown,3
11369,InterContinental New York Barclay,5
11402,Hotel d?Lins Ontario Airport,3
11404,Elmhurst Hotel,2
11406,Motif Seattle,4
11407,Best Western Fort Lauderdale Airport/Cruise Port,3
11410,Homewood Suites by Hilton Oakland - Waterfront,3
11411,Hotel 1550 SFO Airport,3
11412,Hampton Inn & Suites by Hilton Irvine - Orange County Airport,3
11422,Thunderbird Beach Hotel,3
11424,Doubletree by Hilton Sacramento,3
11425,Anaheim Portofino Inn & Suites,3
11427,Best Western Executive Hotel of New Haven-West Haven,3
11428,AC Hotel by Marriott Miami Airport West/Doral,4
,,
11436,Fullerton Marriott at California State University,4
11442,Hilton Garden Inn West Palm Beach Airport,3
11444,Bogart Hotel,3
11445,"The Lexington Hotel, Autograph Collection",4
11454,Courtyard by Marriott Sarasota Bradenton Airport,3
11457,Crowne Plaza Seattle Airport,4
11460,Hampton Inn West Palm Beach Central Airport,3
11467,Holiday Inn L.I. City-Manhattan View,3
11483,"Andaz Wall Street - A concept by Hyatt, New York",5
11484,Element Houston Vintage Park,3
11485,Best Western Plus Killeen/Fort Hood Hotel & Suites,3
11502,Warwick Seattle,4
11525,Hilton Garden Inn Davis Downtown,3
11527,Best Western Royal Palace Inn and Suites LA,3
11530,Quality Inn Near Sunset Park,3
11531,"The L Hotel, an Ascend Hotel Collection Member",3
11532,Kimpton Hotel Palomar San Diego,5
11533,Hotel Solamar,4
11539,Larkspur Landing South San Francisco,3
11580,Residence Inn by Marriott Miami Coconut Grove,3
11588,Mystic Marriott Hotel & Spa,4
11602,YOTEL San Francisco,4
11617,Atrium Hotel & Suites DFW Airport,3
11618,Aloft Frisco,3
11619,The Row Hotel,3
11620,La Quinta Inn & Suites by Wyndham Dublin - Pleasanton,3
11621,Hotel June Los Angeles,3
11633,InterContinental New York Times Square,4
,,
11637,GLo Best Western Brooklyn NYC,3
11638,Hyatt Place Pasadena,3
11639,"The Hills Hotel, an IHG Hotel",3
11640,Wellington Hotel,3
11641,Avalon Hotel & Bungalows Palm Springs,4
11642,Ingleside Inn,4
11643,Holiday Inn Express Benicia,3
11644,"SFO Airport Hotel, El Rancho Inn Signature Collection",3
11645,The Catrina Hotel,2
11647,"Aristocrat Hotel, BW Signature Collection - Half Moon Bay",3
11648,Days Inn by Wyndham Near UC Davis,3
11651,"The Highland Dallas, Curio Collection by Hilton",4
11652,Holiday Inn Express Granbury,3
11653,Fairfield Inn & Suites by Marriott Houston Channelview,3
,,
11655,Kimpton Goodland,4
11656,Hilton Concord,4
11657,Courtyard by Marriott Oakland Downtown,3
11658,Chancellor Hotel On Union Square,3
11661,Old West Lofts Downtown Tampa,3
11664,Quality Suites San Diego SeaWorld Area,3
11665,Aloft Miami Dadeland,3
11668,Ocean Sky Hotel & Resort Fort Lauderdale Beach,4
11671,Holiday Inn Express & Suites Austin NE - Hutto,3
11683,Hyatt Regency Long Beach,4
11684,Hyatt Centric The Pike Long Beach,4
11687,Omni La MansiŻn del Rio RiverWalk,4
11692,"BEI San Francisco, Trademark Collection by Wyndham",4
11694,Hampton Inn & Suites Los Angeles/Hollywood,3
11696,The Gallivant Times Square,4
11716,Best Western Plus Saratoga Springs,3
11740,Porto Vista Hotel,4
11749,Pod Times Square Hotel,3
11750,Hilton Garden Inn New York/Times Square Central,3
11753,Kimpton Hotel Palomar Los Angeles Beverly Hills,4
11758,Flamingo Conference Resort & Spa,4
11760,Hotel Indigo Austin Downtown - University,3
11767,Holiday Inn Express & Suites Austin Downtown - University,3
11772,Starlite Hotel,3
11790,Red Roof PLUS+ Miami Airport,3
11817,Holiday Inn & Suites Silicon Valley - Milpitas,3
11818,Hilton Garden Inn Irvine Spectrum/Lake Forest,3
11819,Hyatt Regency Greenwich,4
11824,Hotel Chino Hills,3
11832,Comfort Inn Silicon Valley East,3
11833,The County Inn,3
11834,Signia by Hilton Orlando Bonnet Creek,4
11835,The Plaza Suites Silicon Valley,4
11836,Ramada by Wyndham Bronx Terminal,3
11846,Candlewood Suites San Antonio Downtown,3
11847,Hotel Van Zandt,4
11848,Holiday Inn Palm Beach-Airport Conference Center,3
11853,Radisson Dallas North-Addison,3
11856,Hyatt Place New York City/Times Square,3
,,
11859,La Quinta Inn & Suites by Wyndham Times Square South,3
11866,Candlewood Suites San Antonio Airport,3
11868,The Westin at The Woodlands,4
11869,Holiday Inn Express Costa Mesa,3
11870,Fairfield Inn by Marriott Mission Viejo Orange County,3
12655,Hotel Shocard,3
,,
12701,Novotel Miami Brickell,4
12721,Mama Shelter Los Angeles,4
12935,Marco LaGuardia Hotel and Suites,4
12944,Embassy Suites by Hilton San Rafael Marin County,4
12948,Holiday Inn Los Angeles Gateway - Torrance,3
12954,Radisson Hotel Sunnyvale ? Silicon Valley,4
12957,La Jolla Cove Hotel & Suites,3
12962,Hilton Anaheim,4
12967,Hilton Garden Inn Lake Buena Vista/Orlando,3
12968,Holiday Inn Express & Suites Carlsbad Beach,3
12969,DoubleTree by Hilton Hotel Claremont,4
12973,The Maxwell New York City,4
12982,Red Roof PLUS+ San Francisco Airport,3
12994,Hilton Seattle,4
13000,La Quinta Inn & Suites by Wyndham Dallas Downtown,3
13001,Hotel Marguerite - Trademark Collection By Wyndham,3
13006,Travelodge by Wyndham Seattle By The Space Needle,2
13008,Torrance Inn & Suites,3
,,
,,
13011,Holiday Inn New York City - Times Square,3
13026,The Belltown Inn,3
13027,Hotel del Coronado,4
13028,La Quinta Inn & Suites by Wyndham San Diego SeaWorld/Zoo,3
13029,Eden Roc Inn & Suites,3
13040,Hotel Derek Houston Galleria,4
13067,Courtyard by Marriott Vallejo Napa Valley,3
13072,Aloft Syracuse Inner Harbor,3
13073,The Brooklyn,4
,,
13078,AC Hotel by Marriott Pleasanton,4
13086,Hyatt Regency DFW,4
13087,SpringHill Suites by Marriott Pasadena Arcadia,3
13088,Madison LES Hotel,3
13090,Residence Inn by Marriott Los Angeles LAX/Century Boulevard,3
13093,SpringHill Suites by Marriott Irvine John Wayne Airport/Orange County,3
13095,Homewood Suites by Hilton Miami Dolphin Mall,3
13096,Holiday Inn Express & Suites Ontario Airport,3
13100,Opal Hotel & Suites,3
13101,Zenmotel Inn,3
13103,Gowanus Inn & Yard,3
13104,Holiday Inn Express Times Square South,3
13105,Moxy NYC Downtown,4
13106,Lord & Moris ? Times Square Hotel,3
13107,Fairfield Inn & Suites by Marriott New York Queens/Queensboro Bridge,3
13108,BKLYN House Hotel,3
13111,Hotel RL Brooklyn,3
13116,Hyatt House Seattle Downtown,3
13118,Comfort Suites Near City of Industry - Los Angeles,3
13123,Civic Hotel,3
13124,Hampton Inn & Suites West Sacramento,3
13127,Hotel de Point,3
13128,Fairfield Inn & Suites by Marriott New York Manhattan Chelsea,3
13132,Executive Hotel Pacific,3
13136,Hampton Inn & Suites Lakeland-South Polk Parkway,3
13146,Quality Inn Miami Doral,3
13150,Clarion Inn Near Jblm,3
13158,Wingate by Wyndham Miami Airport DOUBLON,3
13160,Sheraton Brooklyn New York,4
13165,Hilton Garden Inn Arcadia/Pasadena Area,3
13169,Hotel Belmont,2
,,
13178,Colony Inn North Hollywood,3
13179,Hyatt House Manhattan Chelsea,3
13183,The Solita Soho Hotel,3
13184,Days Inn by Wyndham Woodbury Long Island,2
13185,Super 8 by Wyndham Bedford DFW Airport West,2
13196,Ramada by Wyndham Rockville Centre,3
13197,Ramada by Wyndham Bronx,3
13198,Comfort Inn Long Island City,3
13201,Hampton Inn & Suites Tallahassee I-10-Thomasville Rd,3
13202,Clarion Inn Auburn Seattle,3
13203,Home2 Suites by Hilton San Francisco Airport North,3
13204,Springhill Suites by Marriott Madera,3
13205,Fairfield Inn & Suites by Marriott Fresno Clovis,3
13208,HNA Palisades Premier Conference Center,3
13210,Hilton Brooklyn New York,4
13211,Courtyard by Marriott St. Petersburg Downtown,3
13214,Hotel Indigo Brooklyn,4
13216,Four Points by Sheraton Financial District,4
13224,Holiday Inn Express & Suites Houston Energy Corridor - West Oaks,3
13231,Comfort Inn Castro Valley,3
13232,Fairfield Inn & Suites by Marriott Tampa Fairgrounds/Casino,3
,,
13242,Grand Hyatt at SFO,4
13248,Hyatt Place Lake Mary/Orlando-North,3
13249,Courtyard by Marriott Fairfield Napa Valley Area,3
13259,Hampton Inn & Suites Windsor - Sonoma Wine Country,3
13260,Corporate Inn Sunnyvale,3
13261,Best Western Plus Dixon Davis,3
13264,Residence Inn Fort Lauderdale/SW Miramar,3
13265,Beverly Hills Plaza Hotel & Spa,4
13266,Hilton Garden Inn Fontana,3
13267,Embassy Suites by Hilton Valencia,4
13268,Five Towns Inn - JFK Airport,3
13269,Hampton Inn San Francisco Airport,3
13270,Residence Inn Fort Lauderdale - Plantation,3
13273,Hampton Inn & Suites Los Angeles Burbank Airport,3
13284,Four Points by Sheraton Seattle Airport South,4
13285,Hyatt Place Emeryville/ San Francisco Bay Area,3
13287,Holiday Inn San Francisco Airport,3
13292,Hyatt Regency North Dallas,4
13295,AC Hotel by Marriott Beverly Hills,3
13302,Wyndham San Antonio Riverwalk,4
13308,Hilton Garden Inn Miami Dolphin Mall,3
13309,"West Wing Hotel, Ascend Hotel Collection",3
13316,Courtyard by Marriott Orlando Lake Mary/North,3
13317,Hampton Inn & Suites Dallas Downtown,3
13321,La Quinta by Wyndham San Antonio Airport,3
,,
13324,SpringHill Suites by Marriott Belmont Redwood Shores,3
13327,Quality Inn Ithaca - University Area,2
13332,Fairfield Inn by Marriott Albany University Area,3
13338,Best Western University Inn,3
13340,Four Points by Sheraton San Diego Downtown Little Italy,3
13341,Sheraton San Diego Hotel & Marina,4
13342,Homewood Suites by Hilton San Jose North,3
13345,Fairfield Inn & Suites by Marriott Temecula,3
13349,DoubleTree by Hilton Hotel San Francisco Airport North,3
13350,Homewood Suites West Palm Beach,3
13351,Holiday Inn San Diego - la Mesa,3
13352,Anchor Inn,2
13353,Hampton Inn & Suites Thousand Oaks,3
13359,Riata Inn Marfa,2
13360,Comfort Inn & Suites Seattle,3
13365,Element Miami Doral,3
13368,Sportsmen's Lodge Hotel,3
13370,South Seas Hotel Miami Beach,4
13374,DoubleTree By Hilton New York Times Square South,4
13377,Courtyard by Marriott Round Rock,3
13378,Hotel Diva,4
13379,Hotel Union Square,4
13380,Ramada by Wyndham Burbank Airport,3
13382,Homewood Suites by Hilton Hartford South-Glastonbury,3
13383,BEST WESTERN PLUS Fresno Airport Hotel,3
13417,"nyma, The New York Manhattan Hotel",3
13418,Stewart Hotel New York,4
13471,Sofitel New York,4
13513,Courtyard by Marriott Sacramento Midtown,3
13521,Hyatt Place Sacramento/Roseville,3
13522,Hyatt Place Miami Airport East,3
13531,Tilden Hotel,4
13533,Park Lane Hotel NY,4
13534,The Manhattan at Times Square Hotel,4
13539,Paramount Times Square,4
13540,Hotel Mela Times Square,4
13541,Lambert Inn,3
,,
13544,Crowne Plaza Orlando - Lake Buena Vista,4
13546,"Lions Gate Hotel, A Trademark Collection by Wyndham",3
13548,TownePlace Suites by Marriott Sunnyvale Mountain View,3
13558,Phoenix Hotel,3
13598,Courtyard by Marriott Sarasota - University Park / Lakewood Ranch Area,3
13600,Comfort Inn & Suites Near Ontario Airport,3
13602,Ramada by Wyndham Jacksonville I-95 by Butler Blvd,3
13603,Wingate by Wyndham New Braunfels,2
13609,Quality Inn Burbank Airport,2
13617,Courtyard by Marriott Los Angeles Burbank Airport,3
13618,Quality Inn Placentia Anaheim Fullerton,3
,,
13620,Delta Hotels by Marriott Orlando Lake Buena Vista,4
13622,Comfort Suites Oceanside Camp Pendleton Area,3
13624,SpringHill Suites Fort Lauderdale Airport,3
13628,Quality Inn Palm Springs Downtown,3
13629,Sheraton Hotel Stonebriar,4
13630,Comfort Inn & Suites San Diego - Zoo SeaWorld Area,3
13631,Union Hotel Brooklyn,3
13637,Hyatt Place West Palm Beach,3
13641,Nuvo Suites Hotel - Miami / Doral,3
13657,Hyatt House Austin Downtown,3
13663,Comfort Inn & Suites Snyder,3
13664,Microtel Inn and Suites San Angelo,2
13665,Aloft Las Colinas,3
13668,Best Western International Drive,3
13669,Staybridge Suites - Orlando Royale Parc,3
13670,Comfort Inn International Drive,3
13671,Fairfield Inn Orlando Airport,3
13676,Maingate Garden Inn,3
13677,Super 8 by Wyndham Houston NASA Webster,3
13680,Days Inn by Wyndham Barstow,2
13682,Comfort Suites Texarkana Arkansas,3
13684,Fairfield Inn & Suites by Marriott Texarkana,3
,,
13688,Comfort Inn Near Old Town Pasadena in Eagle Rock,2
13692,La Quinta by Wyndham Visalia/Sequoia Gateway,3
13693,Courtyard Miami Dolphin Mall (doublon),3
,,
13697,Hyatt Regency Westlake,3
13701,Hyatt Regency Valencia,3
13705,JW Marriott Houston Downtown,4
13706,Courtyard Santa Ana Orange County,3
13707,Fairfield Inn Santa Clarita Valencia,3
,,
13709,Courtyard Los Angeles Pasadena Old Town,3
13710,Courtyard Cypress Anaheim Orange County,3
13711,Kimpton Palomar South Beach,4
13712,Surfcomber South Beach Kimpton Hotel,4
13713,Fairfield Inn Orlando Lake Buena Vista,3
13714,Best Western Plus Palm Beach Gardens Hotel & Suites and Conference Ct,3
13715,Best Western Plus Dallas Love Field North,3
13716,Holiday Inn Melbourne - Viera Conference Center,3
13718,The Standard Miami,4
13720,Comfort Inn San Diego Airport At The Harbor,2
13721,Residence Inn by Marriott Santa Clarita Valencia,3
13726,Residence Inn by Marriott San Diego Central,3
13728,SpringHill Suites by Marriott Carle Place Garden City,3
13732,Sheraton Austin Hotel at the Capitol,3
13733,Residence Inn by Marriott San Diego Downtown,3
13735,Boca Raton Marriott at Boca Center,4
13738,San Diego Marriott Del Mar,4
13740,Meli  Orlando Celebration,4
13741,Wingate by Wyndham New York Midtown South/5th Ave,3
13742,Renaissance New York Chelsea Hotel,4
13745,Hotel Red Lion Seattle Airport - SeaTac,3
13746,Monterey Tides,3
13757,Holiday Inn Express & Suites Cheektowaga North East,3
13759,SpringHill Suites I-10 West/Energy Corridor,3
13770,The Standard - East Village,4
13771,La Quinta by Wyndham El Paso West Bartlett,3
13772,Aloft Manhattan Downtown - Financial District,3
13774,La Quinta by Wyndham Lackawanna,3
13775,Lotus of Lompoc - A Great Hospitality Inn,3
13777,Cambria Hotel McAllen Convention Center,4
13778,Quality Inn Buffalo/Hamburg,2
13779,Courtyard San Diego Central,3
13780,Best Western Plus Galleria Inn & Suites,3
13797,SpringHill Suites by Marriott Orlando Convention Center,3
,,
13802,Renaissance Saint Elm Dallas Downtown Hotel,4
13803,Hyatt Place Miami Airport-West/Doral,3
13805,Origin Hotel Lexington,4
13806,Quality Inn & Suites El Paso I-10,2
13808,Marriott Riverside at the Convention Center,3
13809,Beck's Motor Lodge,3
13810,Holiday Inn Express Hotel & Suites Belmont,3
13811,Comfort Suites Lewisville,3
13812,"Country Inn & Suites by Radisson, Lewisville",2
13813,Holiday Inn Express at Monterey Bay,2
13814,HGU New York,4
,,
13834,Virgin Hotels Dallas,4
,,
13864,Moxy NYC Chelsea,4
,,
13866,Holiday Inn Express & Suites Dallas NW - Farmers Branch,3
13867,Intercontinental at Doral Miami,4
13871,Hyatt Palm Springs,4
13873,Holiday Inn Express Hotel & Suites San Jose-Morgan Hill,3
13874,Holiday Inn Express & Suites - Jacksonville - Town Center,3
13875,Holiday Inn Express Hotel & Suites Milton,2
13880,Renaissance Orlando Airport Hotel,4
,,
13887,TownePlace Suites by Marriott Lexington Keeneland/Airport,3
13889,Holiday Inn Express & Suites Lexington Downtown Area-Keeneland,3
13890,Holiday Inn Express & Suites Danville,3
13892,AC Hotel Fort Worth Downtown,4
13894,Courtyard by Marriott Delray Beach,3
,,
13897,EVEN Hotel Miami - Airport,3
13898,Holiday Inn Miami North ? I-95,3
13900,Holiday Inn Hotel & Suites - Houston West - Katy Mills,4
13906,THesis Hotel Miami,4
13910,Hyatt Regency Dallas,4
13911,Holiday Inn San Antonio NW SeaWorld,3
13931,The Saguaro Palm Springs,4
13934,"The Standard, High Line New York",4
13935,Holiday Inn Express & Suites Austin NW - Four Points,3
13936,Holiday Inn Express & Suites - Auburn Downtown,3
13943,Holiday Inn Temple - Belton,3
13947,Moxy NYC Times Square,4
13950,Fairfield Inn & Suites by Marriott New York Manhattan/Times Square South,3
13954,Z Ocean Hotel South Beach,4
13957,Holiday Inn Express Boca Raton - West,3
13958,Holiday Inn Express & Suites - Houston North - Woodlands Area,3
13960,The James New York - NoMad,5
13962,The LINE Austin,4
13977,Holiday Inn & Suites Orlando International Drive South,3
13982,Holiday Inn Express Jacksonville Beach,3
13986,Le Meridien Dallas by the Galleria,4
13987,Holiday Inn Express Windsor Sonoma Wine Country,3
13990,Holiday Inn Ft. Myers Airport @ Town Center,3
13995,Fairfield Inn & Suites by Marriott San Jose North/Silicon Valley,3
14000,Fairfield Inn by Marriott Fort Worth Downtown Convention Center,3
14001,Holiday Inn Miami-Doral,3
,,
14004,HYATT House at the Anaheim Resort/Convention Center,3
14018,Holiday Inn Key Largo,3
14019,Hotel V - South San Francisco/SFO,2
14022,Stamford Marriott Hotel & Spa,3
14025,Delta Hotels by Marriott Ashland Downtown,4
14026,Holiday Inn Miami West,3
14027,Park James,4
14034,Holiday Inn Express Hotel & Suites Rochester Webster,3
14036,Atherton Park Inn & Suites,3
14037,Staybridge Suites - Miami International Airport,3
14043,Holiday Inn Express Hotel & Suites Dallas NE - Allen,3
14053,Dylan Hotel NYC,4
14054,Candlewood Suites Houston North,3
14056,Holiday Inn Hotel & Suites Waco Northwest,3
14058,Holiday Inn Express Lake Wales North-Winter Haven,4
,,
14063,Sheraton Gunter Hotel San Antonio,4
14075,Residence Inn by Marriott Lakeland,3
14077,Courtyard Lakeland,3
14079,Fairfield Inn & Suites by Marriott Tallahassee Central,3
14080,Holiday Inn Express & Suites- Sugar Land SE - Missouri City,3
14082,Palace Inn Blue US-59 & Gessner,3
14083,Holiday Inn Express & Suites Leander,3
14089,Holiday Inn Express & Suites Houston North IAH Area,2
14094,EVEN Hotel Norwalk,4
,,
14109,Candlewood Suites San Diego,3
14115,Holiday Inn Express Van Nuys,3
14117,Holiday Inn Port St. Lucie,3
14118,EVEN Hotel Brooklyn,4
14129,Courtyard by Marriott Buffalo Amherst/University,3
14142,Holiday Inn Miami International Airport,3
14150,The Pacific Inn,3
14151,Renaissance Seattle Hotel,4
14152,Holiday Inn Austin Midtown,3
,,
14175,Holiday Inn Express & Suites Cincinnati South - Wilder,3
14180,Holiday Inn Express & Suites West Melbourne,3
14181,Hyatt Regency Austin,4
14182,Holiday Inn Edison at Midtown,3
14183,Courtyard by Marriott San Diego Del Mar/Solana Beach,3
14184,The Driskill Hotel,4
14185,Holiday Inn Express & Suites Midland Loop 250,3
14188,Holiday Inn Odessa,3
,,
14190,Aloft Seattle Sea-Tac Airport,3
14198,"The Sarasota Modern, a Tribute Portfolio Hotel",4
14203,Comfort Suites Kennewick at Southridge,3
14208,Courtyard Binghamton,3
14215,The Collective Paper Factory,4
14216,The Domain Hotel,4
14218,Staybridge Suites Houston - Willowbrook,3
14229,Holiday Inn Sacramento Downtown-Arena,3
14230,Aloft Houston Katy Hotel & Conference Center,3
14233,"Wild Palms Hotel, a Joie de Vivre Hotel",3
14236,Holiday Inn Express & Suites Seattle-Sea-Tac Airport,3
14238,Holiday Inn Express Fort Worth Downtown,3
14241,Courtyard Lexington North,3
14242,Hotel Indigo St. Petersburg Downtown,3
14244,Four Points By Sheraton Houston Energy Corridor,3
14249,Staybridge Suites Louisville - East,3
14250,SpringHill Suites by Marriott Denton,3
14275,Hotel 32One,3
14309,Fairfield Inn & Suites by Marriott Houston Pasadena,3
,,
14311,SpringHill Suites by Marriott Clearwater Beach,3
,,
14313,Courtyard by Marriott Fort Worth Historic Stockyards,3
14314,Hampton Inn Suites - Gainesville Downtown,3
14315,Courtyard Pensacola,3
,,
14359,Four Points by Sheraton Midtown - Times Square,3
14360,Fairfield Inn Times Square,4
14364,Holiday Inn Express & Suites Dallas-North Tollway,3
14386,Holiday Inn Express Simi Valley,3
14387,Holiday Inn Express Houston North Intercontinental,3
14396,Holiday Inn Express & Suites Fort Worth North - Northlake,3
14397,Pacific Palms Resort,3
14398,The Murieta Inn and Spa,4
14399,Fairfield Inn & Suites by Marriott Los Angeles LAX/El Segundo,3
14402,Staybridge Suites Austin Airport,3
,,
14404,Staybridge Suites - Silicon Valley/ Milpitas,3
14413,"Gild Hall, a Thompson Hotel",4
14415,"Hotel Avante, a Joie de Vivre Hotel",3
,,
14438,Courtyard Hartford Manchester,3
14443,Cambria Hotel Plano Frisco,4
14469,Holiday Inn Express & Suites - Houston IAH - Beltway 8,3
14479,Residence Inn Louisville Airport,3
14487,Hampton Inn & Suites Pensacola I-10 N at University Town Plaza,3
14488,Hotel Hendricks,4
14490,Residence Inn by Marriott Clearwater Beach,3
14491,SpringHill Suites Louisville Airport,3
14492,Holiday Inn Express Hotel & Suites Pasadena-Colorado Boulevard,3
14493,The Sagamore Hotel South Beach,4
14495,Courtyard by Marriott Houston Heights/I-10,3
14496,Aloft New York LaGuardia Airport,3
14497,Courtyard by Marriott New York Queens/Fresh Meadows,3
14507,Crowne Plaza Suites Arlington - Ballpark - Stadium,4
14519,Residence Inn Hartford Manchester,3
14525,Holiday Inn Express & Suites Cincinnati Riverfront,3
14526,Courtyard by Marriott Cincinnati Airport,3
14527,Home2 Suites By Hilton Jacksonville Airport,3
14531,Aloft El Segundo - Los Angeles Airport,3
14535,Residence Inn Dallas Arlington South,3
14536,Courtyard Dallas Arlington South,3
14540,Holiday Inn Auburn-Finger Lakes Region,3
14541,Holiday Inn Trophy Club,3
14566,Millennium Biltmore Los Angeles,4
14568,Holiday Inn Express Hotel & Suites Tampa-Fairgrounds-Casino,2
14569,Cambria Hotel Sonoma Wine Country,3
14613,Embassy Suites Seattle - Tacoma International Airport,3
14618,Hotel Indigo San Diego/Del Mar,3
14619,The Row NYC,4
14620,Holiday Inn Express & Suites la Jolla - Beach Area,3
14622,Fairfield Inn & Suites - Goshen Middletown,2
14623,Holiday Inn San Jose - Silicon Valley,3
14627,SpringHill Suites Houston I-45 North,3
14629,TownePlace Suites by Marriott Austin Parmer/Tech Ridge,3
14632,Hilton San Diego Mission Valley,3
14633,Crowne Plaza Houston River Oaks,3
14640,La Quinta Inn & Suites by Wyndham Burlington,3
14656,Crowne Plaza Dallas Market Center,3
14666,Holiday Inn Express Hotel & Suites Lacey,3
14667,Fairfield Inn & Suites by Marriott New York Queens/Fresh Meadows,3
14668,Pacific Inn and Suites-Convention Center-Gaslamp-Seaworld,2
14670,Holiday Inn Express & Suites Austin South,3
14673,Hotel Indigo East End,3
14674,Staybridge Suites Houston - IAH Airport,3
14677,Holiday Inn Express Hotel & Suites East End,3
14680,Holiday Inn Irving Las Colinas,3
14682,Refinery Hotel,5
14685,Holiday Inn - Boca Raton - North,3
,,
14694,Aloft Long Island City,3
14695,Hilton Garden Inn San Francisco Airport North,3
14696,Sheraton Cerritos Hotel,4
14697,Holiday Inn Louisville AIrport Fair/Expo,3
14698,Hyatt Centric Mountain View,4
14700,SpringHill Suites Louisville Hurstbourne/North,3
,,
14703,"Avion Inn, Ascend Hotel Collection",3
14705,Fairfield Inn & Suites Tampa Brandon,3
14706,Courtyard Tampa Brandon,3
14712,Holiday Inn Express & Suites Austin SW - Sunset Valley,3
,,
14745,Crowne Plaza Seattle Downtown,4
14750,Residence Inn Fort Myers Sanibel,3
14751,Comfort Inn & Suites Pacific ? Auburn,3
14753,TownePlace Suites The Villages,3
,,
14783,Omni San Diego Hotel,4
14786,Element Spring Valley NYC,3
14790,Holiday Inn Express San Clemente N ? Beach Area,3
14791,Residence Inn by Marriott Austin Round Rock/Dell Way,3
14792,Holiday Inn Express & Suites - Camas,3
14793,Hotel Iris - Mission Valley-San Diego Zoo-SeaWorld,2
14794,The Bristol Hotel San Diego,4
14798,Millennium Times Square New York,4
14802,Holiday Inn Express & Suites Canyon,3
14803,Hilton Garden Inn Palo Alto,3
14804,Hilton Garden Inn Sunnyvale,3
14805,AC Hotel Los Angeles South Bay,3
14879,AC Hotel by Marriott San Francisco Airport/Oyster Point Waterfront,3
14885,YVE Hotel Miami,4
14888,Park Central,4
14889,Taj Campton Place,5
14894,Walker Hotel Tribeca,4
14895,Hampton Inn New Smyrna Beach,3
14898,The Muse Hotel,4
14923,Courtyard Austin North/Parmer Lane,3
14925,Courtyard by Marriott San Diego Rancho Bernardo,3
14929,Arthouse Hotel New York City,4
14930,Courtyard by Marriott Seattle Kirkland,3
14933,Heathman Lodge,4
14961,"Country Inn & Suites by Radisson, Tampa Airport North",3
14963,Holiday Inn Express Brooklyn - Kings Hwy,3
14964,Days Inn by Wyndham Brooklyn Marine Park,3
14965,"SpringHill Suites by Marriott, Midland Texas",3
14967,Fairfield Inn & Suites by Marriott Odessa,3
14969,Holiday Inn Express & Suites Odessa,3
14970,Holiday Inn Express & Suites Midland South I-20,3
14972,Holiday Inn Express & Suites Odessa I-20,3
14973,Courtyard by Marriott Syracuse Downtown at Armory Square,3
14974,Holiday Inn Auburn,3
14975,Holiday Inn Express & Suites Corsicana I-45,3
14976,Holiday Inn Express Sanger-Denton,3
,,
14986,Empress Hotel La Jolla,3
14989,Courtyard Jacksonville Orange Park,3
14992,Residence Inn by Marriott Austin Lake Austin/River Place,3
15000,Holiday Inn Express Newport Beach,3
15001,SpringHill Suites by Marriott Portland Vancouver,3
15003,Fairfield Inn & Suites by Marriott San Francisco Airport,3
15022,Cambria Hotel White Plains - Downtown,4
15025,Residence Inn Sacramento Airport Natomas,3
15026,Coral Reef Inn & Suites,3
15040,Pullman San Francisco Bay,4
15092,Residence Inn Sandestin at Grand Boulevard,3
15094,Hyatt Place Sandestin at Grand Blvd,3
15095,Courtyard by Marriott Sandestin at Grand Boulevard,3
15098,INNSiDE by Melia New York NoMad,4
,,
15103,Courtyard Fort Myers at I-75 and Gulf Coast Town Center,3
15105,Holiday Inn Express & Suites Anaheim Resort Area,3
,,
15107,Manchester Grand Hyatt San Diego,4
15108,Hyatt House Tampa Airport/Westshore,3
15109,Walker Hotel Greenwich Village,4
15112,Houston CityPlace Marriott at Springwoods Village,4
15114,SpringHill Suites Fort Myers Airport,3
15115,Brandon Center Hotel,3
15135,TownePlace Suites Orlando at SeaWorld,3
15142,AC Hotel Sawgrass Mills Sunrise,3
15154,Four Points by Sheraton ? San Francisco Airport,3
,,
15183,EVEN Hotel Sarasota-Lakewood Ranch,3
15184,Candlewood Suites Houston - Pasadena,3
15185,Crowne Plaza Houston Galleria Area,4
15187,West Inn & Suites,3
15208,DoubleTree By Hilton San Diego Hotel Circle,4
15217,Hilton Garden Inn Tampa East/Brandon,3
15218,TownePlace Suites Pensacola,3
15220,Courtyard Tampa Downtown,3
15225,1906 Lodge,4
15226,Hilton Garden Inn Dallas/Arlington,3
15227,Holiday Inn Express & Suites Orlando At Seaworld,3
15229,Hyatt Centric Brickell Miami,3
15232,Hampton Inn Orlando Near Universal Blv/International Dr,3
15234,Hampton Inn Orlando-International Airport,3
15236,TownePlace Suites Panama City,3
,,
15238,Residence Inn by Marriott Near Universal Orlando,3
15241,Residence Inn Tampa Downtown,3
15242,Residence Inn by Marriott Fort Myers,3
15245,Courtyard by Marriott Houston NASA/Nassau Bay,3
15267,Hotel Indigo Spokane,3
15291,Visalia Marriott at the Convention Center,4
15294,InterContinental San Francisco,4
15295,Golden Sails Hotel,3
15297,The Parc Hotel,3
15304,Sonesta Simply Suites Houston W Beltway,3
15306,Holiday Inn Downtown Rochester,3
15315,Hotel Theodore,4
15317,Holiday Inn Express Berkeley,3
15318,Hyatt Place Delray Beach,3
15325,The Whitehall Houston,3
15338,Wyndham Garden LaGuardia South,4
15341,Holiday Inn Express & Suites Garland E - Lake Hubbard I30,3
15346,SpringHill Suites by Marriott Pensacola,3
15351,Staybridge Suites DFW Airport North,3
15352,Holiday Inn Express & Suites North Dallas at Preston,3
15365,Fairfield Inn & Suites San Antonio Airport North Star Mall,3
15374,The Plaza Hotel Pioneer Park,4
15375,"Hotel Nia, Autograph Collection",4
15377,Hotel Le Bleu,3
15382,Crowne Plaza Hotel Orlando-Universal,4
,,
,,
15400,Pacific Edge Hotel on Laguna Beach,3
15402,Stanford Inn & Suites Anaheim,3
15403,Hyatt Place Saratoga/Malta,3
15404,Hotel 57,4
15423,DoubleTree by Hilton Chico,3
15427,"Brooklyn Vybe Hotel, Ascend Hotel Collection",4
15429,New Haven Hotel,3
15438,The Goodtime Hotel,4
15439,Residence Inn by Marriott New York Manhattan/Midtown Eastside,4
15441,Hyatt Regency Monterey Hotel and Spa,5
15444,Arlo SoHo,4
15445,Arlo NoMad,4
15457,Hyatt Place Melbourne / Palm Bay,3
15460,Courtyard San Antonio Airport / North Star Mall,3
15466,Holiday Inn Express & Suites Santa Clara - Silicon Valley,3
15467,Element Ontario Rancho Cucamonga,3
15469,Courtyard by Marriott Sunnyvale Mountain View,3
15485,"Hotel Nyack, a JdV by Hyatt Hotel",4
,,
15503,Fairfield Inn & Suites By Marriott New York Brooklyn,3
15512,Holiday Inn Express Hotel & Suites Merced,3
15516,Wyndham Garden Tallahassee Capitol,3
15517,Holiday Inn Poughkeepsie,3
15550,Holiday Inn Express & Suites - Fort Myers Airport,3
15571,Radisson Hotel New York Midtown-Fifth Avenue,4
15575,Lexington Griffin Gate Marriott Golf Resort & Spa,4
15588,InterContinental Mark Hopkins San Francisco,4
15589,Cassa Hotel Times Square,4
15597,NewYork La Guardia Airport Marriott,3
15598,NH Collection New York Madison Avenue,4
15599,Grand Hyatt Seattle,5
,,
15604,Four Points by Sheraton Bakersfield,4
15610,Fairfield Inn & Suites Dallas Lewisville,3
15616,Quality Inn Midland,3
15631,Holiday Inn Express New York-Brooklyn,3
15632,Holiday Inn Express & Suites Danbury - I-84,3
15652,Sheraton Hartford South,3
15653,SpringHill Suites by Marriott San Jose Airport,3
15655,Hyde Resort & Residences Hollywood Beach,4
15656,Staybridge Suites Dallas/Addison,3
15657,Hotel Caza Fisherman?s Wharf,4
15658,Courtyard San Diego Airport/Liberty Station,3
15661,Hyatt Place Dallas Park Central,3
15662,Shelburne Hotel & Suites by Affinia,4
15664,Gardens Suites Hotel by Affinia,4
15665,Fifty Hotel & Suites by Affinia,4
15668,Courtyard by Marriott San Jose Campbell,3
15688,Hotel Del Sol,3
15689,Baymont by Wyndham Sarasota,2
,,
15736,Holiday Inn Hartford Downtown Area,3
15737,Staybridge Suites Long Beach Airport,3
15738,Holiday Inn & Suites Orlando SW - Celebration Area,3
15739,Holiday Inn Express & Suites S Lake Buena Vista,3
15767,Holiday Inn Seattle Downtown - Lake Union,3
15768,ModernHaus SoHo,4
15769,Hilton Melbourne,4
15777,Courtyard by Marriott Los Angeles Woodland Hills,3
15808,AC Hotel Gainesville Downtown,3
15810,Aloft Tampa Midtown,3
15812,Courtyard Orlando South/Grande Lakes Area,3
15813,Element Tampa Midtown,3
15867,Hyatt Place NYC Chelsea,4
15868,M Social Hotel Times Square New York,4
15870,La Quinta Inn by Wyndham El Paso - Airport,2
15874,Best Western Crown Inn & Suites - Batavia,3
15875,Hilton St. Petersburg Carillon Park,4
15885,Homewood Suites by Hilton St. Petersburg Clearwater,4
15899,Graduate Roosevelt Island,4
15900,Arlo Midtown,4
15901,Larkspur Landing Campbell,3
15902,Larkspur Landing Milpitas,3
15903,Larkspur Landing Sunnyvale,3
15905,Hampton Inn by Hilton Irvine Spectrum Lake Forest,3
15925,Red Roof Inn Binghampton North,2
15944,Best Western The Inn at The Fairgrounds,3
15945,Inn at Great Neck,4
15946,Adria Hotel and Conference Center,3
15955,Home2 Suites By Hilton West Sacramento,4
15974,"The Draper, Ascend Hotel Collection",3
16023,Hotel Indigo Miami Brickell,4
16027,Hampton Inn & Suites Farmers Branch Dallas,3
16030,Comfort Suites Clovis,3
16033,Rose Bowl Motel,2
16034,Howard Johnson by Wyndham Norco,3
16035,YOTEL New York City,4
16039,Four Points by Sheraton San Jose Airport,3
16045,Holiday Inn Westbury ? Long Island,3
16046,AC Hotel San Jose Downtown,3
16054,TownePlace Suites By Marriott Orlando Southwest Near Universal,3
16055,Postcard Inn On The Beach,3
16056,The Washington Inn,3
16060,Comfort Inn Auburn ? Seattle,3
16061,Hyatt Regency Orlando,4
16068,Capital Hotel,3
16070,Microtel by Wyndham Long Island City,3
16104,Marriott Orlando Downtown,4
16105,Floridan Palace Hotel,4
16106,Aloft Miami Airport,3
16107,Courtyard by Marriott Orlando East,3
16116,Radisson Hotel Austin,3
16118,Embassy Suites by Hilton Seattle Downtown Pioneer Square,4
16128,Radisson Hotel Niagara Falls - Grand Island USA,3
16147,Tru By Hilton Ft Lauderdale Airport,3
16149,"Candlewood Suites San Antonio Downtown, an IHG Hotel",3
16150,Residence Inn Orlando Convention Center,3
16169,Best Western Plus Cityline Hotel,3
16172,Millennium Buffalo,3
16179,Four Points by Sheraton Melville Long Island,4
16180,"Holiday Inn Express & Suites Austin NW - Lakeline, an IHG Hotel",2
16181,Sonesta Silicon Valley,3
16188,Super 8 by Wyndham Brooklyn Williamsburg,2
16196,Manhattan View Hotel,2
16204,Hotel on Rivington,4
16206,Hampton Inn and Suites Houston Central,3
16208,Wyndham Garden Fresno Yosemite Airport,3
16210,"Holiday Inn Diamond Bar - Pomona, an IHG Hotel",3
16211,Hotel Zephyr San Francisco,4
16212,Sonesta San Jose,4
16248,Arroyo Vista Inn,3
16251,TownePlace Suites by Marriott Seattle Southcenter,3
16254,TownePlace Suites by Marriott Seattle Everett/Mukilteo,3
16261,Hyatt Regency Newport Beach,4
16270,TownePlace Suites by Marriott New York Manhattan/Times Square,3
16273,The Harborfront Inn at Greenport,3
16284,Sound View Greenport,4
16301,Hyatt Place Cincinnati Airport Florence,3
16306,Hotel Edison Times Square,4
16309,Hampton Inn by Hilton Garden City Long Island,3
16314,Ramada by Wyndham San Diego National City,3
16328,Red Roof PLUS+ Poughkeepsie,2
16348,Tides Inn & Suites,3
16352,Best Western Red River Inn,3
16362,Best Western of Lake George,3
16368,SpringHill Suites by Marriott San Jose Fremont,3
16370,Sonesta Select Seattle Bellevue Redmond,3
16404,Residence Inn by Marriott Palmdale Lancaster,3
16405,Courtyard by Marriott Salinas Monterey,3
16406,Hampton Inn Tracy,3
16407,Hampton Inn & Suites Lancaster,3
16408,Hampton Inn Sacramento/Rancho Cordova,3
16409,Residence Inn by Marriott Roseville,3
16410,Residence Inn by Marriott San Jose Campbell,3
16411,Residence Inn by Marriott Vacaville,3
16412,Courtyard by Marriott Palmdale,3
16413,Courtyard by Marriott Roseville,3
16415,Residence Inn by Marriott Fremont Silicon Valley,3
,,
16417,Residence Inn Ontario Airport,3
16418,Fairfield Inn by Marriott Vacaville,3
16420,Hyatt House Los Angeles/LAX/Manhattan Beach,3
16426,Courtyard by Marriott Roseville Galleria Mall/Creekside Ridge Drive,3
16427,Courtyard by Marriott Sacramento Folsom,3
16428,Fairfield Inn by Marriott Roseville,3
16429,Fairfield Inn by Marriott Tracy,3
16430,Hampton Inn & Suites Palmdale,3
16432,Fairfield Inn by Marriott Visalia Sequoia,3
16434,Sheraton San Jose Hotel,4
,,
16438,Residence Inn by Marriott West Palm Beach,3
16439,Four Points by Sheraton Pleasanton,3
16443,Courtyard by Marriott Fort Lauderdale North/Cypress Creek,3
16444,SpringHill Suites by Marriott Miami Airport South,3
16445,Residence Inn Orlando Altamonte Springs/Maitland,3
16446,Country Inn & Suites by Radisson; Orlando Airport; FL,3
16458,Hampton Inn Louisville Downtown,3
,,
,,
16461,Residence Inn Louisville East,3
16470,Hyatt House Belmont/Redwood Shores,3
16480,Residence Inn San Jose South,3
16481,Courtyard by Marriott San Jose South/Morgan Hill,3
16483,Residence Inn by Marriott San Jose South/Morgan Hill,3
16485,Homewood Suites by Hilton Lancaster - California,3
16512,Fairfield Inn & Suites by Marriott Houston The Woodlands,3
16513,Hyatt House Dallas/Las Colinas,3
16514,Hyatt House Dallas/Addison,3
,,
16516,Residence Inn by Marriott Houston-Willowbrook,3
16517,Hampton Inn & Suites Mansfield,3
16518,Fairfield Inn & Suites by Marriott San Antonio SeaWorldŞ/Westover Hills,3
16519,Fairfield Inn & Suites by Marriott Dallas Mansfield,3
16520,Residence Inn by Marriott Dallas Addison/Quorum Drive,3
16521,Courtyard by Marriott San Antonio SeaWorldŞ/Westover Hills,3
16522,Embassy Suites Dallas Market Center,4
,,
,,
,,
,,
,,
,,
16535,Homewood Suites by Hilton Dallas-DFW Airport N-Grapevine,3
16536,Residence Inn by Marriott Buffalo Galleria Mall,3
16537,Homewood Suites by Hilton Rochester/Henrietta,3
,,
16539,Comfort Suites Rochester,3
,,
,,
16564,DoubleTree by Hilton Hotel Sunrise - Sawgrass Mills,3
16566,Embassy Suites by Hilton Destin Miramar Beach,3
,,
16573,Embassy Suites by Hilton San Antonio Riverwalk Downtow,3
,,
,,
16577,Hampton Inn & Suites Clovis-Airport North,3
16578,Hampton Inn Los Angeles-Orange County-Cypress,3
16581,"The Crossroads Hotel - Newburgh, Ascend Hotel Collection",3
16585,Home2 Suites by Hilton Long Island Brookhaven,3
16588,Liberty View Brooklyn Hotel,3
16589,Sonesta Select Dallas Richardson,3
16590,Homewood Suites Agoura Hills,3
,,
,,
16594,Homewood Suites by Hilton Carle Place - Garden City,3
16603,"The Inn at Saratoga, Tapestry Collection by Hilton",3
16606,Capri Suites Anaheim,2
16610,OneWay Fundamental,3
16615,Hampton Inn Dallas-Irving-Las Colinas,3
16616,Hampton Inn San Diego-Downtown,3
16617,Hampton Inn Los Angeles/Santa Clarita,3
16618,Hilton Garden Inn Boca Raton,3
16621,Hilton Garden Inn Las Colinas,3
,,
16624,Hilton Garden Inn Sacramento/South Natomas,3
16626,Homewood Suites by Hilton Fresno Airport/Clovis,3
16629,Homewood Suites Lubbock,3
,,
,,
16650,Sleep Inn Bronx,2
16651,Best Western Plus Executive Residency Bronx,3
16657,"Holiday Inn Express & Suites - Stafford NW - Sugarland, an IHG Hotel",3
16664,Hilton Garden Inn Tallahassee Central,3
16668,"Collegian Hotel & Suites, Trademark Collection by Wyndham",4
16669,Garden City Hotel,4
16670,La Quinta Inn by Wyndham Austin Capitol / Downtown,3
,,
16673,La Quinta Inn & Suites by Wyndham Dallas - Addison Galleria,3
16676,La Quinta by Wyndham Orlando I Drive/Conv Center,3
16677,La Quinta Inn & Suites by Wyndham Plantation at SW 6th St,3
16678,La Quinta Inn by Wyndham Miami Airport North,3
16679,La Quinta Inn & Suites by Wyndham Tacoma - Seattle,3
16680,La Quinta Inn & Suites by Wyndham San Antonio Riverwalk,3
16681,La Quinta Inn & Suites by Wyndham San Francisco Airport North,3
16686,Hotel Elite,3
16687,"Candlewood Suites Houston Westchase - Westheimer, an IHG Hotel",3
16689,Courtyard by Marriott Los Angeles Monterey Park,3
16719,Courtyard by Marriott Oakland Airport,3
16737,La Quinta Inn & Suites by Wyndham Sunrise,3
16738,La Quinta Inn & Suites by Wyndham Coral Springs South,3
,,
16744,Best Western Premier Empire State Hotel,3
16748,Crowne Plaza Syracuse,4
16749,Holiday Inn & Suites Boca Raton - North,3
,,
,,
16759,Casitas Coral Ridge,3
,,
16768,Beverly Hills Marriott,4
16769,Palace Inn Blue IAH East,4
16779,Red Roof Inn PLUS+ & Suites Houston ? IAH Airport SW,3
16780,Hyatt Place Dallas North Arlington Grand Prairie,3
16790,Hotel Breakwater South Beach,4
,,
16806,Ramada by Wyndham Bakersfield North,3
16809,"Hampton Inn & Suites Miami, Kendall, Executive Airport",3
,,
16817,Hilton Garden Inn Dallas Richardson,3
16820,Grand Hotel Kissimmee at Celebration,3
16821,Quality Inn Houston,2
16822,Grand Hotel Orlando at Universal Blvd,3
16823,Comfort Inn JFK Airport,3
16824,"Shashi Hotel Mountain View, an Urban Resort",5
16825,Radisson Hotel Cincinnati Riverfront,3
16828,Holiday Inn Express Hotel & Suites Solana Beach-Del Mar,3
,,
16831,City Club Hotel,4
16874,Radio Hotel,4
,,
,,
16905,Best Western Brooklyn-Coney Island Inn,3
16909,La Quinta Inn and Suites Dallas Plano - The Colony,3
16918,Casablanca Inn Hotel,3
16937,"Holiday Inn - LIC - LaGuardia West, an IHG Hotel",3
16938,M Hotel Buffalo,3
16950,Ramada by Wyndham Sunnyvale/Silicon Valley,3
16975,"The Guild Hotel, San Diego, A Tribute Portfolio Hotel by Marriott",4